{"cameraMode":{"drawMode":0,"name":"Shaded","section":"Shading Mode"},"sceneLighting":true,"audioPlay":false,"sceneViewState":{"m_AlwaysRefresh":false,"showFog":true,"showSkybox":true,"showFlares":true,"showImageEffects":true,"showParticleSystems":true,"showVisualEffectGraphs":true,"m_FxEnabled":true},"in2DMode":false,"pivot":{"x":-0.14448881149291993,"y":0.8594319820404053,"z":8.891273498535157},"rotation":{"x":0.054292164742946628,"y":0.6826269626617432,"z":0.051200225949287418,"w":-0.7270606160163879},"size":2.153287887573242,"orthographic":false}